{"name":"bf5e87a5-6adf-440a-89f2-feb9d2d6fa64","id":"/providers/Microsoft.Flow/flows/bf5e87a5-6adf-440a-89f2-feb9d2d6fa64","type":"Microsoft.Flow/flows","properties":{"apiId":"/providers/Microsoft.PowerApps/apis/shared_logicflows","displayName":"Task Handler","definition":{"metadata":{"workflowEntityId":null,"processAdvisorMetadata":null,"flowChargedByPaygo":null,"flowclientsuspensionreason":"None","flowclientsuspensiontime":null,"flowclientsuspensionreasondetails":null,"creator":{"id":"00f512e3-d704-4d65-8bc3-2ef408110958","type":"User","tenantId":"7359f896-71e2-4dae-b8a3-15cdf97f2f10"},"provisioningMethod":"FromDefinition","failureAlertSubscription":true,"clientLastModifiedTime":"2025-06-14T06:18:45.6858968Z","connectionKeySavedTimeKey":"2025-06-14T06:18:45.6858968Z","creationSource":"Portal","modifiedSources":"Portal"},"$schema":"https://schema.management.azure.com/providers/Microsoft.Logic/schemas/2016-06-01/workflowdefinition.json#","contentVersion":"1.0.0.0","parameters":{"$authentication":{"defaultValue":{},"type":"SecureObject"},"$connections":{"defaultValue":{},"type":"Object"}},"triggers":{"When_an_item_is_created":{"recurrence":{"frequency":"Minute","interval":5},"splitOn":"@triggerOutputs()?['body/value']","type":"OpenApiConnection","inputs":{"parameters":{"dataset":"https://adityagroup.sharepoint.com/sites/ProjectTaskTracker","table":"42048f7e-ad16-457c-a6ff-8b8bae61ecee"},"host":{"apiId":"/providers/Microsoft.PowerApps/apis/shared_sharepointonline","connectionName":"shared_sharepointonline","operationId":"GetOnNewItems"},"authentication":"@parameters('$authentication')"}}},"actions":{"Condition":{"actions":{"Send_an_email_(V2)":{"type":"OpenApiConnection","inputs":{"parameters":{"emailMessage/To":"@triggerBody()?['Assignedto/Email']","emailMessage/Subject":"Task Completion","emailMessage/Body":"<p class=\"editor-paragraph\">Hi, @{triggerBody()?['{Name}']} your task is not completed @{triggerBody()?['DueDate']} .So Please Complete it.</p><p class=\"editor-paragraph\">Thanks.</p>","emailMessage/Importance":"Normal"},"host":{"apiId":"/providers/Microsoft.PowerApps/apis/shared_office365","connectionName":"shared_office365","operationId":"SendEmailV2"},"authentication":"@parameters('$authentication')"}}},"runAfter":{},"else":{"actions":{"Send_an_email_(V2)_1":{"type":"OpenApiConnection","inputs":{"parameters":{"emailMessage/To":"@triggerBody()?['Assignedto/Email']","emailMessage/Subject":"Task Completion","emailMessage/Body":"<p class=\"editor-paragraph\">Hi, @{triggerBody()?['{Name}']} your task has been completed before the due date @{triggerBody()?['DueDate']}</p><p class=\"editor-paragraph\">keep it up,</p><p class=\"editor-paragraph\">Thanks.</p>","emailMessage/Importance":"Normal"},"host":{"apiId":"/providers/Microsoft.PowerApps/apis/shared_office365","connectionName":"shared_office365","operationId":"SendEmailV2"},"authentication":"@parameters('$authentication')"}}}},"expression":{"and":[{"equals":["@triggerBody()?['Status/Value']","Pending"]}]},"type":"If"}},"outputs":{}},"connectionReferences":{"shared_sharepointonline":{"connectionName":"shared-sharepointonl-b3d71197-8b08-4517-ae73-e524a3c69af8","source":"Embedded","id":"/providers/Microsoft.PowerApps/apis/shared_sharepointonline","tier":"NotSpecified","apiName":"sharepointonline","isProcessSimpleApiReferenceConversionAlreadyDone":false},"shared_office365":{"connectionName":"shared-office365-acf5a010-1291-492c-8b9f-21f822e13cd2","source":"Embedded","id":"/providers/Microsoft.PowerApps/apis/shared_office365","tier":"NotSpecified","apiName":"office365","isProcessSimpleApiReferenceConversionAlreadyDone":false}},"flowFailureAlertSubscribed":false,"isManaged":false}}