{"name":"b46b1e6d-98df-4345-8f33-0f4b68635667","id":"/providers/Microsoft.Flow/flows/b46b1e6d-98df-4345-8f33-0f4b68635667","type":"Microsoft.Flow/flows","properties":{"apiId":"/providers/Microsoft.PowerApps/apis/shared_logicflows","displayName":"Auto Status Updater","definition":{"metadata":{"workflowEntityId":null,"processAdvisorMetadata":null,"flowChargedByPaygo":null,"flowclientsuspensionreason":"None","flowclientsuspensiontime":null,"flowclientsuspensionreasondetails":null,"creator":{"id":"d8eeb2b0-0a7b-49e5-866e-88f6f804549f","type":"User","tenantId":"7359f896-71e2-4dae-b8a3-15cdf97f2f10"},"provisioningMethod":"FromDefinition","failureAlertSubscription":true,"clientLastModifiedTime":"2025-06-09T05:22:29.527251Z","connectionKeySavedTimeKey":"2025-06-09T05:22:29.527251Z","creationSource":"Portal","modifiedSources":"Portal"},"$schema":"https://schema.management.azure.com/providers/Microsoft.Logic/schemas/2016-06-01/workflowdefinition.json#","contentVersion":"undefined","parameters":{"$authentication":{"defaultValue":{},"type":"SecureObject"},"$connections":{"defaultValue":{},"type":"Object"}},"triggers":{"Recurrence":{"recurrence":{"frequency":"Day","interval":"1","startTime":"2025-06-08T04:30:00.000Z","timeZone":"India Standard Time"},"type":"Recurrence"}},"actions":{"Get_items":{"runAfter":{},"type":"OpenApiConnection","inputs":{"parameters":{"dataset":"https://adityagroup.sharepoint.com/sites/ProjectTaskTracker","table":"42048f7e-ad16-457c-a6ff-8b8bae61ecee","$filter":"Status eq 'Pending'\n","$top":100},"host":{"apiId":"/providers/Microsoft.PowerApps/apis/shared_sharepointonline","connectionName":"shared_sharepointonline","operationId":"GetItems"},"authentication":"@parameters('$authentication')"}},"Apply_to_each":{"foreach":"@outputs('Get_items')?['body/value']","actions":{"Condition":{"actions":{"Update_item":{"type":"OpenApiConnection","inputs":{"parameters":{"dataset":"https://adityagroup.sharepoint.com/sites/ProjectTaskTracker","table":"42048f7e-ad16-457c-a6ff-8b8bae61ecee","id":"@items('Apply_to_each')?['ID']","item/Title":"@items('Apply_to_each')?['Title']","item/StartDate":"@items('Apply_to_each')?['StartDate']","item/DueDate":"@items('Apply_to_each')?['DueDate']","item/Status/Value":"Overdue","item/Priority/Value":"high"},"host":{"apiId":"/providers/Microsoft.PowerApps/apis/shared_sharepointonline","connectionName":"shared_sharepointonline","operationId":"PatchItem"},"authentication":"@parameters('$authentication')"}},"Send_an_email_(V2)":{"runAfter":{"Update_item":["Succeeded"]},"type":"OpenApiConnection","inputs":{"parameters":{"emailMessage/To":"23MH1A4265@acoe.edu.in","emailMessage/Subject":"Task Overdue","emailMessage/Body":"<p class=\"editor-paragraph\">👋 Hello @{items('Apply_to_each')?['AssignedTo']?['DisplayName']},<br><br>This is a reminder that your assigned task is overdue in the Task Completion.<br>Please update or complete the task as soon as possible.<br><br>Thank you.<br></p><br>","emailMessage/Importance":"Normal"},"host":{"apiId":"/providers/Microsoft.PowerApps/apis/shared_office365","connectionName":"shared_office365","operationId":"SendEmailV2"},"authentication":"@parameters('$authentication')"}}},"else":{"actions":{}},"expression":{"and":[{"lessOrEquals":["@formatDateTime(items('Apply_to_each')?['DueDate'], 'yyyy-MM-dd')","@formatDateTime(utcNow(), 'yyyy-MM-dd')"]},{"equals":["",""]}]},"type":"If"}},"runAfter":{"Get_items":["Succeeded"]},"type":"Foreach"}}},"connectionReferences":{"shared_sharepointonline":{"connectionName":"shared-sharepointonl-7a125dd6-339f-4881-9433-25ab6888c6dc","source":"Embedded","id":"/providers/Microsoft.PowerApps/apis/shared_sharepointonline","tier":"NotSpecified","apiName":"sharepointonline","isProcessSimpleApiReferenceConversionAlreadyDone":false},"shared_office365":{"connectionName":"shared-office365-f7c8cd35-2579-4746-a689-8a686d4b5c6e","source":"Embedded","id":"/providers/Microsoft.PowerApps/apis/shared_office365","tier":"NotSpecified","apiName":"office365","isProcessSimpleApiReferenceConversionAlreadyDone":false}},"flowFailureAlertSubscribed":false,"isManaged":false}}